[
        {
            "number": 1,
            "question": "Which of the following is a greenhouse gas?",
            "options": [
                "Carbon dioxide",
                "Oxygen",
                "Nitrogen",
                "Hydrogen"
            ],
            "answer": "Carbon dioxide"
        },
        {
            "number": 2,
            "question": "What is the SI unit of electric current?",
            "options": [
                "Ampere",
                "Volt",
                "Ohm",
                "Watt"
            ],
            "answer": "Ampere"
        },
        {
            "number": 3,
            "question": "Which gas is responsible for the depletion of the ozone layer?",
            "options": [
                "Chlorofluorocarbons (CFCs)",
                "Carbon dioxide",
                "Methane",
                "Nitrous oxide"
            ],
            "answer": "Chlorofluorocarbons (CFCs)"
        },
        {
            "number": 4,
            "question": "Which of the following is a renewable source of energy?",
            "options": [
                "Solar power",
                "Coal",
                "Natural gas",
                "Nuclear power"
            ],
            "answer": "Solar power"
        },
        {
            "number": 5,
            "question": "Which type of mirror can form a virtual and enlarged image?",
            "options": [
                "Concave mirror",
                "Convex mirror",
                "Plane mirror",
                "Cylindrical mirror"
            ],
            "answer": "Concave mirror"
        },
        {
            "number": 6,
            "question": "Which is the hardest substance known?",
            "options": [
                "Diamond",
                "Gold",
                "Iron",
                "Silver"
            ],
            "answer": "Diamond"
        },
        {
            "number": 7,
            "question": "Which gas is produced during photosynthesis?",
            "options": [
                "Oxygen",
                "Carbon dioxide",
                "Nitrogen",
                "Hydrogen"
            ],
            "answer": "Oxygen"
        },
        {
            "number": 8,
            "question": "What is the main function of the kidney in the human body?",
            "options": [
                "To filter waste products from the blood",
                "To produce red blood cells",
                "To produce urine",
                "To control body temperature"
            ],
            "answer": "To filter waste products from the blood"
        },
        {
            "number": 9,
            "question": "Which of the following diseases is caused by a deficiency of vitamin C?",
            "options": [
                "Scurvy",
                "Rickets",
                "Night blindness",
                "Beriberi"
            ],
            "answer": "Scurvy"
        },
        {
            "number": 10,
            "question": "What is the chemical formula of water?",
            "options": [
                "H2O",
                "CO2",
                "CH4",
                "NaCl"
            ],
            "answer": "H2O"
        },
        {
            "number": 11,
            "question": "Which of the following is a conductor of electricity?",
            "options": [
                "Copper",
                "Rubber",
                "Glass",
                "Plastic"
            ],
            "answer": "Copper"
        },
        {
            "number": 12,
            "question": "What is the process by which plants make their own food called?",
            "options": [
                "Photosynthesis",
                "Respiration",
                "Fermentation",
                "Digestion"
            ],
            "answer": "Photosynthesis"
        },
        {
            "number": 13,
            "question": "Which of the following is a non-metal?",
            "options": [
                "Oxygen",
                "Iron",
                "Silver",
                "Copper"
            ],
            "answer": "Oxygen"
        },
        {
            "number": 14,
            "question": "Which organ in the human body is responsible for pumping blood?",
            "options": [
                "Heart",
                "Brain",
                "Lungs",
                "Liver"
            ],
            "answer": "Heart"
        },
        {
            "number": 15,
            "question": "What is the unit of force in the SI system?",
            "options": [
                "Newton",
                "Kilogram",
                "Meter",
                "Second"
            ],
            "answer": "Newton"
        },
        {
            "number": 16,
            "question": "Which of the following is the smallest unit of matter?",
            "options": [
                "Atom",
                "Molecule",
                "Cell",
                "Nucleus"
            ],
            "answer": "Atom"
        },
        {
            "number": 17,
            "question": "What is the chemical symbol for gold?",
            "options": [
                "Au",
                "Ag",
                "Fe",
                "Cu"
            ],
            "answer": "Au"
        },
        {
            "number": 18,
            "question": "Which of the following is a vector quantity?",
            "options": [
                "Velocity",
                "Mass",
                "Temperature",
                "Time"
            ],
            "answer": "Velocity"
        },
        {
            "number": 19,
            "question": "Which of the following is the primary source of energy for the Earth?",
            "options": [
                "Sun",
                "Moon",
                "Stars",
                "Planets"
            ],
            "answer": "Sun"
        },
        {
            "number": 20,
            "question": "What is the boiling point of water in degrees Celsius?",
            "options": [
                "100",
                "0",
                "50",
                "200"
            ],
            "answer": "100"
        },
        {
            "number": 21,
            "question": "Which of the following is a fossil fuel?",
            "options": [
                "Coal",
                "Wind",
                "Solar power",
                "Tidal power"
            ],
            "answer": "Coal"
        },
        {
            "number": 22,
            "question": "What is the chemical formula of table salt?",
            "options": [
                "NaCl",
                "H2O",
                "CO2",
                "CH4"
            ],
            "answer": "NaCl"
        },
        {
            "number": 23,
            "question": "Which of the following is a mammal?",
            "options": [
                "Whale",
                "Turtle",
                "Frog",
                "Snake"
            ],
            "answer": "Whale"
        },
        {
            "number": 24,
            "question": "What is the largest planet in our solar system?",
            "options": [
                "Jupiter",
                "Mars",
                "Earth",
                "Saturn"
            ],
            "answer": "Jupiter"
        },
        {
            "number": 25,
            "question": "Which of the following is an example of a chemical change?",
            "options": [
                "Burning wood",
                "Melting ice",
                "Breaking a glass",
                "Cutting paper"
            ],
            "answer": "Burning wood"
        },
        {
            "number": 26,
            "question": "What is the process by which water changes from a liquid to a gas called?",
            "options": [
                "Evaporation",
                "Condensation",
                "Freezing",
                "Melting"
            ],
            "answer": "Evaporation"
        },
        {
            "number": 27,
            "question": "Which of the following is a type of simple machine?",
            "options": [
                "Lever",
                "Screw",
                "Pulley",
                "All of the above"
            ],
            "answer": "All of the above"
        },
        {
            "number": 28,
            "question": "What is the process by which plants release oxygen called?",
            "options": [
                "Photosynthesis",
                "Respiration",
                "Transpiration",
                "Fermentation"
            ],
            "answer": "Photosynthesis"
        },
        {
            "number": 29,
            "question": "Which of the following is a common disease caused by a virus?",
            "options": [
                "Influenza",
                "Tuberculosis",
                "Malaria",
                "Diabetes"
            ],
            "answer": "Influenza"
        },
        {
            "number": 30,
            "question": "Which of the following is a type of electromagnetic wave?",
            "options": [
                "Light",
                "Sound",
                "Heat",
                "Gravity"
            ],
            "answer": "Light"
        },
        {
            "number": 31,
            "question": "What is the chemical symbol for silver?",
            "options": [
                "Ag",
                "Au",
                "Cu",
                "Fe"
            ],
            "answer": "Ag"
        },
        {
            "number": 32,
            "question": "Which of the following is the largest organ in the human body?",
            "options": [
                "Skin",
                "Liver",
                "Heart",
                "Lungs"
            ],
            "answer": "Skin"
        },
        {
            "number": 33,
            "question": "What is the process by which plants take in water from the soil called?",
            "options": [
                "Absorption",
                "Excretion",
                "Circulation",
                "Respiration"
            ],
            "answer": "Absorption"
        },
        {
            "number": 34,
            "question": "Which of the following is an example of a sedimentary rock?",
            "options": [
                "Sandstone",
                "Granite",
                "Marble",
                "Obsidian"
            ],
            "answer": "Sandstone"
        },
        {
            "number": 35,
            "question": "What is the process by which plants and animals exchange gases called?",
            "options": [
                "Respiration",
                "Photosynthesis",
                "Transpiration",
                "Fermentation"
            ],
            "answer": "Respiration"
        },
        {
            "number": 36,
            "question": "Which of the following is an example of a renewable resource?",
            "options": [
                "Solar energy",
                "Coal",
                "Oil",
                "Natural gas"
            ],
            "answer": "Solar energy"
        },
        {
            "number": 37,
            "question": "What is the chemical formula of carbon dioxide?",
            "options": [
                "CO2",
                "H2O",
                "CH4",
                "NaCl"
            ],
            "answer": "CO2"
        },
        {
            "number": 38,
            "question": "Which of the following is a type of vertebrate?",
            "options": [
                "Bird",
                "Butterfly",
                "Spider",
                "Ant"
            ],
            "answer": "Bird"
        },
        {
            "number": 39,
            "question": "What is the process by which rocks are broken down into smaller pieces called?",
            "options": [
                "Weathering",
                "Erosion",
                "Deposition",
                "Melting"
            ],
            "answer": "Weathering"
        },
        {
            "number": 40,
            "question": "Which of the following is an example of a carnivorous plant?",
            "options": [
                "Venus flytrap",
                "Rose",
                "Sunflower",
                "Tulip"
            ],
            "answer": "Venus flytrap"
        },
        {
            "number": 41,
            "question": "What is the process by which liquid water changes into a solid called?",
            "options": [
                "Freezing",
                "Melting",
                "Evaporation",
                "Condensation"
            ],
            "answer": "Freezing"
        },
        {
            "number": 42,
            "question": "Which of the following is an example of an insulator?",
            "options": [
                "Rubber",
                "Copper",
                "Aluminum",
                "Silver"
            ],
            "answer": "Rubber"
        },
        {
            "number": 43,
            "question": "What is the process by which plants and animals convert food into energy called?",
            "options": [
                "Respiration",
                "Photosynthesis",
                "Digestion",
                "Circulation"
            ],
            "answer": "Respiration"
        },
        {
            "number": 44,
            "question": "Which of the following is a primary color?",
            "options": [
                "Red",
                "Yellow",
                "Blue",
                "All of the above"
            ],
            "answer": "All of the above"
        },
        {
            "number": 45,
            "question": "What is the process by which a solid changes directly into a gas called?",
            "options": [
                "Sublimation",
                "Evaporation",
                "Condensation",
                "Melting"
            ],
            "answer": "Sublimation"
        },
        {
            "number": 46,
            "question": "Which of the following is an example of a compound?",
            "options": [
                "Water",
                "Oxygen",
                "Gold",
                "Silver"
            ],
            "answer": "Water"
        },
        {
            "number": 47,
            "question": "What is the process by which plants lose water vapor through their leaves called?",
            "options": [
                "Transpiration",
                "Photosynthesis",
                "Respiration",
                "Evaporation"
            ],
            "answer": "Transpiration"
        },
        {
            "number": 48,
            "question": "Which of the following is a type of fossil fuel?",
            "options": [
                "Coal",
                "Wind",
                "Solar power",
                "Tidal power"
            ],
            "answer": "Coal"
        },
        {
            "number": 49,
            "question": "What is the chemical formula of carbon monoxide?",
            "options": [
                "CO",
                "CO2",
                "H2O",
                "NaCl"
            ],
            "answer": "CO"
        },
        {
            "number": 50,
            "question": "Which of the following is a type of non-renewable resource?",
            "options": [
                "Oil",
                "Wind",
                "Solar energy",
                "Tidal power"
            ],
            "answer": "Oil"
        },
        {
            "number": 51,
            "question": "What is the process by which a gas changes directly into a solid called?",
            "options": [
                "Deposition",
                "Sublimation",
                "Evaporation",
                "Condensation"
            ],
            "answer": "Deposition"
        },
        {
            "number": 52,
            "question": "Which of the following is a type of simple machine?",
            "options": [
                "Lever",
                "Screw",
                "Pulley",
                "All of the above"
            ],
            "answer": "All of the above"
        },
        {
            "number": 53,
            "question": "What is the process by which plants convert sunlight into energy called?",
            "options": [
                "Photosynthesis",
                "Respiration",
                "Transpiration",
                "Fermentation"
            ],
            "answer": "Photosynthesis"
        },
        {
            "number": 54,
            "question": "Which of the following is an example of a contagious disease?",
            "options": [
                "Measles",
                "Diabetes",
                "Asthma",
                "Hypertension"
            ],
            "answer": "Measles"
        },
        {
            "number": 55,
            "question": "What is the chemical symbol for iron?",
            "options": [
                "Fe",
                "Au",
                "Ag",
                "Cu"
            ],
            "answer": "Fe"
        },
        {
            "number": 56,
            "question": "Which of the following is a type of joint in the human body?",
            "options": [
                "Hinge joint",
                "Ball-and-socket joint",
                "Pivot joint",
                "All of the above"
            ],
            "answer": "All of the above"
        },
        {
            "number": 57,
            "question": "What is the process by which a gas changes into a liquid called?",
            "options": [
                "Condensation",
                "Evaporation",
                "Melting",
                "Freezing"
            ],
            "answer": "Condensation"
        },
        {
            "number": 58,
            "question": "Which of the following is an example of a conductor?",
            "options": [
                "Copper",
                "Rubber",
                "Glass",
                "Plastic"
            ],
            "answer": "Copper"
        },
        {
            "number": 59,
            "question": "What is the process by which plants and animals exchange gases with their surroundings called?",
            "options": [
                "Respiration",
                "Photosynthesis",
                "Transpiration",
                "Fermentation"
            ],
            "answer": "Respiration"
        },
        {
            "number": 60,
            "question": "Which of the following is a type of igneous rock?",
            "options": [
                "Granite",
                "Sandstone",
                "Marble",
                "Obsidian"
            ],
            "answer": "Granite"
        },
        {
            "number": 61,
            "question": "What is the chemical formula of methane?",
            "options": [
                "CH4",
                "CO2",
                "H2O",
                "NaCl"
            ],
            "answer": "CH4"
        },
        {
            "number": 62,
            "question": "Which of the following is a type of invertebrate?",
            "options": [
                "Spider",
                "Bird",
                "Frog",
                "Fish"
            ],
            "answer": "Spider"
        },
        {
            "number": 63,
            "question": "What is the process by which sediments are deposited in a new location called?",
            "options": [
                "Deposition",
                "Erosion",
                "Weathering",
                "Melting"
            ],
            "answer": "Deposition"
        },
        {
            "number": 64,
            "question": "Which of the following is an example of a herbivorous animal?",
            "options": [
                "Cow",
                "Lion",
                "Wolf",
                "Tiger"
            ],
            "answer": "Cow"
        },
        {
            "number": 65,
            "question": "What is the process by which a gas changes into a solid without becoming a liquid first called?",
            "options": [
                "Deposition",
                "Sublimation",
                "Evaporation",
                "Condensation"
            ],
            "answer": "Sublimation"
        },
        {
            "number": 66,
            "question": "Which of the following is a type of non-metal?",
            "options": [
                "Oxygen",
                "Iron",
                "Silver",
                "Copper"
            ],
            "answer": "Oxygen"
        },
        {
            "number": 67,
            "question": "What is the process by which an organism produces offspring called?",
            "options": [
                "Reproduction",
                "Respiration",
                "Photosynthesis",
                "Digestion"
            ],
            "answer": "Reproduction"
        },
        {
            "number": 68,
            "question": "Which of the following is the largest organ in the human body?",
            "options": [
                "Skin",
                "Liver",
                "Heart",
                "Lungs"
            ],
            "answer": "Skin"
        },
        {
            "number": 69,
            "question": "What is the process by which plants take in carbon dioxide and release oxygen called?",
            "options": [
                "Photosynthesis",
                "Respiration",
                "Transpiration",
                "Fermentation"
            ],
            "answer": "Photosynthesis"
        },
        {
            "number": 70,
            "question": "Which of the following is an example of a non-renewable resource?",
            "options": [
                "Coal",
                "Wind",
                "Solar energy",
                "Tidal power"
            ],
            "answer": "Coal"
        },
        {
            "number": 71,
            "question": "What is the process by which plants and animals break down food into simpler substances called?",
            "options": [
                "Digestion",
                "Respiration",
                "Circulation",
                "Excretion"
            ],
            "answer": "Digestion"
        },
        {
            "number": 72,
            "question": "Which of the following is a type of renewable resource?",
            "options": [
                "Solar energy",
                "Oil",
                "Natural gas",
                "Coal"
            ],
            "answer": "Solar energy"
        },
        {
            "number": 73,
            "question": "What is the chemical formula of water?",
            "options": [
                "H2O",
                "CO2",
                "CH4",
                "NaCl"
           

 ],
            "answer": "H2O"
        },
        {
            "number": 74,
            "question": "Which of the following is a type of inorganic compound?",
            "options": [
                "Salt",
                "Sugar",
                "Protein",
                "Fat"
            ],
            "answer": "Salt"
        },
        {
            "number": 75,
            "question": "What is the process by which a liquid changes into a gas called?",
            "options": [
                "Evaporation",
                "Condensation",
                "Freezing",
                "Melting"
            ],
            "answer": "Evaporation"
        },
        {
            "number": 76,
            "question": "Which of the following is an example of a mechanical wave?",
            "options": [
                "Sound",
                "Light",
                "Heat",
                "Gravity"
            ],
            "answer": "Sound"
        },
        {
            "number": 77,
            "question": "What is the chemical symbol for gold?",
            "options": [
                "Au",
                "Ag",
                "Cu",
                "Fe"
            ],
            "answer": "Au"
        },
        {
            "number": 78,
            "question": "Which of the following is a type of connective tissue in the human body?",
            "options": [
                "Bone",
                "Muscle",
                "Nerve",
                "Skin"
            ],
            "answer": "Bone"
        },
        {
            "number": 79,
            "question": "What is the process by which an organism eliminates waste products called?",
            "options": [
                "Excretion",
                "Respiration",
                "Digestion",
                "Circulation"
            ],
            "answer": "Excretion"
        },
        {
            "number": 80,
            "question": "Which of the following is an example of a metamorphic rock?",
            "options": [
                "Marble",
                "Sandstone",
                "Granite",
                "Obsidian"
            ],
            "answer": "Marble"
        },
        {
            "number": 81,
            "question": "What is the chemical formula of sodium chloride?",
            "options": [
                "NaCl",
                "CO2",
                "H2O",
                "CH4"
            ],
            "answer": "NaCl"
        },
        {
            "number": 82,
            "question": "Which of the following is a type of cold-blooded animal?",
            "options": [
                "Frog",
                "Bird",
                "Cat",
                "Dog"
            ],
            "answer": "Frog"
        },
        {
            "number": 83,
            "question": "What is the process by which sediments are transported by wind, water, or ice called?",
            "options": [
                "Erosion",
                "Deposition",
                "Weathering",
                "Melting"
            ],
            "answer": "Erosion"
        },
        {
            "number": 84,
            "question": "Which of the following is an example of a decomposer?",
            "options": [
                "Mushroom",
                "Rose",
                "Sunflower",
                "Tulip"
            ],
            "answer": "Mushroom"
        },
        {
            "number": 85,
            "question": "What is the process by which a gas changes into a liquid called?",
            "options": [
                "Condensation",
                "Evaporation",
                "Melting",
                "Freezing"
            ],
            "answer": "Condensation"
        },
        {
            "number": 86,
            "question": "Which of the following is an example of a conductor of electricity?",
            "options": [
                "Copper",
                "Rubber",
                "Glass",
                "Plastic"
            ],
            "answer": "Copper"
        },
        {
            "number": 87,
            "question": "What is the process by which organisms release energy from food without using oxygen called?",
            "options": [
                "Fermentation",
                "Photosynthesis",
                "Respiration",
                "Transpiration"
            ],
            "answer": "Fermentation"
        },
        {
            "number": 88,
            "question": "Which of the following is a secondary color?",
            "options": [
                "Green",
                "Yellow",
                "Blue",
                "All of the above"
            ],
            "answer": "Green"
        },
        {
            "number": 89,
            "question": "What is the process by which a solid changes directly into a gas called?",
            "options": [
                "Sublimation",
                "Evaporation",
                "Condensation",
                "Melting"
            ],
            "answer": "Sublimation"
        },
        {
            "number": 90,
            "question": "Which of the following is an example of a mixture?",
            "options": [
                "Air",
                "Oxygen",
                "Gold",
                "Silver"
            ],
            "answer": "Air"
        },
        {
            "number": 91,
            "question": "What is the process by which plants absorb water through their roots called?",
            "options": [
                "Absorption",
                "Photosynthesis",
                "Transpiration",
                "Fermentation"
            ],
            "answer": "Absorption"
        },
        {
            "number": 92,
            "question": "Which of the following is a type of renewable energy?",
            "options": [
                "Wind power",
                "Oil",
                "Natural gas",
                "Coal"
            ],
            "answer": "Wind power"
        },
        {
            "number": 93,
            "question": "What is the process by which a solid changes into a liquid called?",
            "options": [
                "Melting",
                "Freezing",
                "Evaporation",
                "Condensation"
            ],
            "answer": "Melting"
        },
        {
            "number": 94,
            "question": "Which of the following is an example of a producer in a food chain?",
            "options": [
                "Grass",
                "Lion",
                "Wolf",
                "Tiger"
            ],
            "answer": "Grass"
        },
        {
            "number": 95,
            "question": "What is the chemical symbol for silver?",
            "options": [
                "Ag",
                "Au",
                "Cu",
                "Fe"
            ],
            "answer": "Ag"
        },
        {
            "number": 96,
            "question": "Which of the following is a type of hinge joint in the human body?",
            "options": [
                "Knee",
                "Shoulder",
                "Hip",
                "Elbow"
            ],
            "answer": "Elbow"
        },
        {
            "number": 97,
            "question": "What is the process by which a liquid changes into a solid called?",
            "options": [
                "Freezing",
                "Melting",
                "Evaporation",
                "Condensation"
            ],
            "answer": "Freezing"
        },
        {
            "number": 98,
            "question": "Which of the following is an example of a non-conductor of electricity?",
            "options": [
                "Rubber",
                "Copper",
                "Aluminum",
                "Iron"
            ],
            "answer": "Rubber"
        },
        {
            "number": 99,
            "question": "What is the process by which plants and animals exchange gases with their surroundings called?",
            "options": [
                "Respiration",
                "Photosynthesis",
                "Transpiration",
                "Fermentation"
            ],
            "answer": "Respiration"
        },
        {
            "number": 100,
            "question": "Which of the following is a type of sedimentary rock?",
            "options": [
                "Sandstone",
                "Granite",
                "Marble",
                "Obsidian"
            ],
            "answer": "Sandstone"
        }
]